<?xml version="1.0" encoding="UTF-8"?><rss version="2.0"
	xmlns:content="http://purl.org/rss/1.0/modules/content/"
	xmlns:wfw="http://wellformedweb.org/CommentAPI/"
	xmlns:dc="http://purl.org/dc/elements/1.1/"
	xmlns:atom="http://www.w3.org/2005/Atom"
	xmlns:sy="http://purl.org/rss/1.0/modules/syndication/"
	xmlns:slash="http://purl.org/rss/1.0/modules/slash/"
	>

<channel>
	<title>Kamruzzaman &#8211; Kamruzzaman</title>
	<atom:link href="/author/kamruzzaman/feed/" rel="self" type="application/rss+xml" />
	<link></link>
	<description></description>
	<lastBuildDate>Sun, 20 Oct 2019 01:58:52 +0000</lastBuildDate>
	<language>en-US</language>
	<sy:updatePeriod>
	hourly	</sy:updatePeriod>
	<sy:updateFrequency>
	1	</sy:updateFrequency>
	<generator>https://wordpress.org/?v=5.5.3</generator>

<image>
	<url>/wp-content/uploads/2019/10/cropped-ml4-1-32x32.jpg</url>
	<title>Kamruzzaman &#8211; Kamruzzaman</title>
	<link></link>
	<width>32</width>
	<height>32</height>
</image> 
	<item>
		<title>Hello world!</title>
		<link>/hello-world/</link>
					<comments>/hello-world/#comments</comments>
		
		<dc:creator><![CDATA[Kamruzzaman]]></dc:creator>
		<pubDate>Sun, 20 Oct 2019 01:58:52 +0000</pubDate>
				<category><![CDATA[Uncategorized]]></category>
		<guid isPermaLink="false">https://demo.wpoperation.com/arrival-me/?p=1</guid>

					<description><![CDATA[Welcome to WordPress. This is your first post. Edit or delete it, then start writing!]]></description>
										<content:encoded><![CDATA[
<p>Welcome to WordPress. This is your first post. Edit or delete it, then start writing!</p>
]]></content:encoded>
					
					<wfw:commentRss>/hello-world/feed/</wfw:commentRss>
			<slash:comments>1</slash:comments>
		
		
			</item>
	</channel>
</rss>
